ts_code,name,trade_date,lu_time,ld_time,open_time,last_time,lu_desc,tag,theme,net_change,bid_amount,status,bid_change,bid_turnover,lu_bid_vol,pct_chg,bid_pct_chg,rt_pct_chg,limit_order,amount,turnover_rate,free_float,lu_limit_order
000725.SZ,京东方Ａ,20260522,13:49:18,,,14:53:42,芯片,涨停,玻璃基板、面板,2084532127.0,,2连板,,,,,,,195972128.0,29162865531.0,18.78,165151492582.0,1821281024.0
002463.SZ,沪电股份,20260522,10:04:36,,,13:30:39,通信,涨停,印制电路板、通信,1820312611.0,,首板,,,,,,,595432640.0,11400045606.0,7.74,149937400625.0,1033502720.0
000657.SZ,中钨高新,20260522,11:27:45,,,11:27:45,通信,涨停,PCB设备、印制电路板,1156548665.0,,首板,,,,,,,249346720.0,5545023114.0,10.27,55784908684.0,2585656832.0
000630.SZ,铜陵有色,20260522,13:35:27,,,14:02:36,通信,涨停,PCB铜箔、通信,950661940.0,,首板,,,,,,,85370736.0,3024948636.0,6.73,46412379246.0,390197088.0
600186.SH,莲花控股,20260522,09:35:54,,,10:20:24,通信,涨停,印制电路板、算力,925173724.0,,首板,,,,,,,86562248.0,2564578190.0,15.3,16944034184.0,762117952.0
002916.SZ,深南电路,20260522,13:01:24,,,13:33:27,通信,涨停,印制电路板、通信,803104291.0,,首板,,,,,,,103536656.0,5585495347.0,6.33,89475684057.0,667559552.0
603256.SH,宏和科技,20260522,09:42:07,,,10:34:22,通信,涨停,电子布、通信,770716905.0,,首板,,,,,,,145919168.0,3052714769.0,13.81,22418327250.0,666182528.0
603228.SH,景旺电子,20260522,09:38:24,,,10:23:57,通信,涨停,印制电路板、英伟达概念,763374590.0,,首板,,,,,,,248839808.0,3657305884.0,10.75,34229927292.0,1082147584.0
600160.SH,巨化股份,20260522,13:07:54,,,13:20:18,化工,涨停,氢氟酸、化工,651062312.0,,首板,,,,,,,70087016.0,3197061916.0,7.32,44915481167.0,742316864.0
600183.SH,生益科技,20260522,13:03:22,,,13:26:19,通信,涨停,覆铜板、通信,619334425.0,,首板,,,,,,,183700176.0,7105588844.0,5.53,130530617408.0,642778304.0
002432.SZ,九安医疗,20260522,10:58:24,,,11:10:30,创投,涨停,创投、AI应用,604535286.0,,首板,,,,,,,231359200.0,2778802307.0,10.34,27790728614.0,438254688.0
600601.SH,方正科技,20260522,13:18:11,,,14:03:47,通信,涨停,印制电路板、通信,604069024.0,,首板,,,,,,,87340336.0,4282244140.0,13.03,33602972218.0,878078336.0
002245.SZ,蔚蓝锂芯,20260522,11:28:21,,,14:18:06,锂电池,涨停,锂电池、固态电池,548495809.0,,首板,,,,,,,58385560.0,3302294789.0,12.09,28291816857.0,1166912128.0
002421.SZ,达实智能,20260522,10:51:06,,,10:51:06,物理AI,涨停,物理AI、算力,523277339.0,,6天5板,,,,,,,196415776.0,2694157527.0,37.79,7470809891.0,669424000.0
002938.SZ,鹏鼎控股,20260522,09:30:00,,,09:30:00,通信,涨停,印制电路板、通信,517838277.0,,首板,,,,,,,684022656.0,1527127023.0,2.2,69293599357.0,2623598080.0
000997.SZ,新大陆,20260522,13:34:42,,,14:47:21,物理AI,涨停,AI应用、物理AI,505941159.0,,首板,,,,,,,32202412.0,1798587194.0,10.72,17331235561.0,575631616.0
000636.SZ,风华高科,20260522,09:31:00,,,09:31:42,元器件,涨停,电阻电容、元器件,472971079.0,,4天2板,,,,,,,296873440.0,1172661611.0,3.55,33258853275.0,881519360.0
002272.SZ,川润股份,20260522,13:12:09,,,14:29:12,算力,涨停,液冷、算力,470469800.0,,5天4板,,,,,,,72199136.0,3121614058.0,38.34,8525406576.0,541512960.0
002980.SZ,华盛昌,20260522,10:02:21,,,11:06:24,通信,涨停,光模块、通信,448993837.0,,首板,,,,,,,59086124.0,1749756959.0,24.37,7353221019.0,392412416.0
601208.SH,东材科技,20260522,13:02:57,,,13:30:21,通信,涨停,通信、OLED,448148804.0,,首板,,,,,,,11613689.0,4279248167.0,10.93,40432163169.0,273909632.0
000060.SZ,中金岭南,20260522,13:00:33,,,13:00:33,有色金属,涨停,有色金属、小金属概念,402235532.0,,首板,,,,,,,219693104.0,1298780345.0,5.74,23513303236.0,792089472.0
002273.SZ,水晶光电,20260522,13:09:39,,,13:25:21,通信,涨停,物理AI、AI眼镜,400688071.0,,首板,,,,,,,122188208.0,4278296112.0,8.87,49951628428.0,850140416.0
002080.SZ,中材科技,20260522,13:14:30,,,13:27:15,通信,涨停,电子布、玻纤,396512140.0,,首板,,,,,,,71778032.0,3457930137.0,7.44,47559579669.0,557321536.0
600172.SH,黄河旋风,20260522,09:30:28,,,09:38:49,金刚石概念,涨停,金刚石概念、培育钻石,362150655.0,,首板,,,,,,,164829120.0,860569117.0,8.34,10337199360.0,448715104.0
000962.SZ,东方钽业,20260522,11:21:24,,,11:21:24,有色金属,涨停,有色金属、钽电容,339978918.0,,首板,,,,,,,100920008.0,1786546882.0,9.96,18381234164.0,1026453120.0
605006.SH,山东玻纤,20260522,09:44:29,,,10:29:38,化工,涨停,玻纤、化工,337987890.0,,首板,,,,,,,58719644.0,1117323709.0,37.28,3046880029.0,493320672.0
600563.SH,法拉电子,20260522,13:37:01,,,14:24:40,元器件,涨停,电阻电容、汽车类,334653012.0,,4天3板,,,,,,,40349076.0,2884837818.0,13.23,22501849500.0,522025120.0
603678.SH,火炬电子,20260522,10:00:05,,,13:03:32,元器件,涨停,电阻电容、元器件,315282822.0,,首板,,,,,,,57447720.0,1502130112.0,14.27,10694268471.0,480841760.0
301013.SZ,利和兴,20260522,13:14:06,,,14:56:18,芯片,涨停,存储、芯片,314667924.0,,3天2板,,,,,,,7625520.0,3325267077.0,48.26,7366121756.0,164359952.0
002741.SZ,光华科技,20260522,09:35:06,,,13:36:03,通信,涨停,印制电路板、通信,282982588.0,,首板,,,,,,,35995984.0,1889963343.0,25.69,7448692900.0,821717248.0
603459.SH,红板科技,20260522,14:47:42,,,14:47:42,通信,涨停,印制电路板、CPO/MPO,282336592.0,,首板,,,,,,,77602232.0,3312146014.0,41.1,8348666723.0,314463808.0
603186.SH,华正新材,20260522,10:03:38,,,14:05:05,通信,涨停,覆铜板、通信,271563680.0,,3天2板,,,,,,,19873224.0,1859412539.0,15.62,12224904006.0,103567392.0
000670.SZ,盈方微,20260522,13:49:06,,,14:55:03,芯片,涨停,存储、芯片,261626656.0,,首板,,,,,,,45714224.0,1156970184.0,19.2,6210809377.0,434738272.0
002121.SZ,科陆电子,20260522,10:45:03,,,10:56:48,智能电网,涨停,智能电网、PCS设备,246731566.0,,首板,,,,,,,47839884.0,638150418.0,8.1,8100865308.0,588392000.0
600888.SH,新疆众和,20260522,11:15:23,,,11:15:23,元器件,涨停,电阻电容、元器件,236031431.0,,首板,,,,,,,77873464.0,1002045440.0,10.86,9583371206.0,574242304.0
600416.SH,湘电股份,20260522,13:05:27,,,13:32:00,商业航天,涨停,商业航天、稀土永磁,219869678.0,,首板,,,,,,,16300076.0,1103215429.0,9.26,12324748648.0,479173408.0
002585.SZ,双星新材,20260522,11:10:21,,,11:10:21,元器件,涨停,电阻电容、复合集流体,216122443.0,,首板,,,,,,,95242776.0,771388931.0,13.21,6108475193.0,740377280.0
603663.SH,三祥新材,20260522,14:24:33,,,14:24:33,芯片,涨停,芯片、稀土永磁,214854110.0,,3天2板,,,,,,,56143216.0,1036780193.0,11.91,9149825309.0,407398784.0
600545.SH,卓郎智能,20260522,09:45:36,,,09:45:36,通信,涨停,电子布、通信,214327047.0,,首板,,,,,,,100970176.0,644458068.0,10.76,6156293123.0,611865600.0
600596.SH,新安股份,20260522,10:34:11,,,13:01:20,机器人概念,涨停,机器人概念、化工,210810352.0,,首板,,,,,,,71302536.0,1005438024.0,8.22,12507274586.0,563717632.0
300179.SZ,四方达,20260522,09:46:15,,,13:41:33,金刚石概念,涨停,金刚石概念、专精特新,201654373.0,,首板,,,,,,,23291888.0,2902010202.0,30.62,9794165029.0,876581632.0
603806.SH,福斯特,20260522,13:59:58,,,14:03:55,通信,涨停,印制电路板、POE胶膜,201581162.0,,首板,,,,,,,64444780.0,1399326075.0,8.36,17399974487.0,323656064.0
603267.SH,鸿远电子,20260522,13:02:33,,,13:35:36,元器件,涨停,电阻电容、元器件,190032877.0,,首板,,,,,,,36661228.0,1508715246.0,16.32,9430254298.0,404991456.0
603936.SH,博敏电子,20260522,10:03:39,,,13:33:51,通信,涨停,无人驾驶、商业航天,189296993.0,,首板,,,,,,,49719324.0,2388941471.0,21.91,11139068429.0,360591712.0
603890.SH,春秋电子,20260522,09:47:55,,,09:58:16,算力,涨停,液冷、端侧AI,182360985.0,,首板,,,,,,,52269452.0,1111606964.0,15.91,7146258480.0,284047456.0
002733.SZ,雄韬股份,20260522,10:33:45,,,10:33:45,算力,涨停,算力、氢燃料电池,180398643.0,,首板,,,,,,,63452180.0,709770054.0,11.36,6413840982.0,763835392.0
002931.SZ,锋龙股份,20260522,10:03:51,,,14:00:03,机器人概念,涨停,机器人概念、汽车零部件,175599637.0,,2连板,,,,,,,30246320.0,1897729172.0,30.68,6485902098.0,293448736.0
603115.SH,海星股份,20260522,09:54:03,,,10:49:45,元器件,涨停,电阻电容、服务器,172921222.0,,5天3板,,,,,,,51571852.0,1088123527.0,11.32,9908890747.0,250031600.0
603379.SH,三美股份,20260522,10:18:57,,,10:39:09,化工,涨停,化工、制冷剂,170610194.0,,首板,,,,,,,68592592.0,911769444.0,6.18,15154136634.0,308706624.0
600497.SH,驰宏锌锗,20260522,13:34:20,,,14:03:06,有色金属,涨停,有色金属、金属锌,170007266.0,,首板,,,,,,,111473280.0,2574760534.0,8.81,30444502962.0,222442016.0
301377.SZ,鼎泰高科,20260522,13:00:45,,,13:00:45,通信,涨停,PCB设备、印制电路板,163867674.0,,首板,,,,,,,83534624.0,1819327369.0,8.53,22500610271.0,512253728.0
002975.SZ,博杰股份,20260522,09:48:00,,,09:48:00,芯片,涨停,磷化铟、端侧AI,156048420.0,,首板,,,,,,,104377056.0,1135188851.0,8.71,13271160296.0,860211776.0
002552.SZ,宝鼎科技,20260522,09:32:06,,,09:45:12,通信,涨停,PCB铜箔、通信,155041478.0,,首板,,,,,,,83040624.0,790452053.0,15.15,5281100968.0,361358528.0
603232.SH,格尔软件,20260522,09:30:00,,,09:30:00,数字经济,涨停,量子科技、算力,152191746.0,,首板,,,,,,,47528872.0,318401487.0,9.64,3302153453.0,608015616.0
301628.SZ,强达电路,20260522,10:03:36,,,11:29:06,通信,涨停,印制电路板、通信,149663867.0,,首板,,,,,,,67996344.0,1152682391.0,31.96,3768250644.0,455944544.0
002897.SZ,意华股份,20260522,14:44:03,,,14:50:21,通信,涨停,高速连接、通信,143624085.0,,首板,,,,,,,26332094.0,1451232715.0,19.81,7632089340.0,86890176.0
603989.SH,艾华集团,20260522,09:37:16,,,09:37:55,元器件,涨停,电阻电容、算力,143130301.0,,5天3板,,,,,,,180415840.0,445225143.0,11.74,3872596681.0,362569568.0
002885.SZ,京泉华,20260522,09:34:54,,,11:14:57,智能电网,涨停,固态变压器、算力,136961845.0,,首板,,,,,,,49535552.0,1569510246.0,17.9,8937947467.0,320976320.0
002046.SZ,国机精工,20260522,13:00:03,,,13:00:03,金刚石概念,涨停,金刚石概念、芯片,136482446.0,,首板,,,,,,,106245904.0,1145819981.0,7.99,14723015967.0,438247232.0
688020.SH,方邦股份,20260522,10:03:04,,,11:29:34,通信,涨停,PCB铜箔、复合集流体,132832426.0,,首板,,,,,,,60167956.0,1063164968.0,17.04,6490694564.0,191111696.0
000510.SZ,新金路,20260522,09:47:30,,,09:47:30,有色金属,涨停,金属钨、化工,131602491.0,,首板,,,,,,,109291328.0,470852826.0,5.95,8128388776.0,960758528.0
002606.SZ,大连电瓷,20260522,10:14:15,,,10:14:15,智能电网,涨停,电气设备、智能电网,128654398.0,,首板,,,,,,,139358816.0,642381135.0,13.43,4920114188.0,717706752.0
002036.SZ,联创电子,20260522,13:52:15,,,13:59:15,智能驾驶,涨停,无人驾驶、光学镜头,127002155.0,,2连板,,,,,,,72112360.0,2043053101.0,21.35,9927687672.0,240082912.0
000818.SZ,航锦科技,20260522,13:04:18,,,13:04:18,算力,涨停,算力租赁、算力,125116072.0,,首板,,,,,,,85316992.0,728887214.0,9.85,7716823519.0,780172416.0
605376.SH,博迁新材,20260522,09:31:46,,,10:07:28,元器件,涨停,元器件、有色金属,122750209.0,,4天2板,,,,,,,133470952.0,1509547702.0,6.0,25261056072.0,215677776.0
002806.SZ,华锋股份,20260522,10:08:24,,,10:38:24,实控人变更,涨停,实控人变更、储能,122667095.0,,首板,,,,,,,50578516.0,669516346.0,25.12,2717721703.0,213091968.0
002055.SZ,ST得润,20260522,09:25:00,,,13:03:36,ST板块,涨停,高速连接、通信,110803285.0,,5天4板,,,,,,,35853392.0,614493202.0,15.11,4088126194.0,79024874.0
000012.SZ,南玻Ａ,20260522,13:23:15,,,13:23:15,芯片,涨停,玻璃基板、玻璃,109338189.0,,2连板,,,,,,,46353320.0,518235465.0,6.64,8335638161.0,503370560.0
600611.SH,大众交通,20260522,09:25:58,,,09:25:58,芯片,涨停,芯片、智能交通,108578060.0,,3连板,,,,,,,210050096.0,358375609.0,5.36,6682316068.0,698072762.0
002993.SZ,奥海科技,20260522,13:08:33,,,13:36:30,机器人概念,涨停,电源、工商业储能,108102380.0,,首板,,,,,,,81625232.0,733694886.0,10.17,7477870838.0,531046304.0
600530.SH,交大昂立,20260522,09:34:11,,,09:34:11,保健品,涨停,保健品、股权转让,100482213.0,,3天2板,,,,,,,15419760.0,254063872.0,9.25,2781417256.0,135204336.0
688512.SH,慧智微,20260522,14:06:37,,,14:23:19,芯片,涨停,芯片、通信,99958537.0,,首板,,,,,,,23588444.0,807315306.0,15.87,5475500894.0,85080608.0
600714.SH,金瑞矿业,20260522,10:10:23,,,10:18:23,芯片,涨停,玻璃基板、非金属材料,97056482.0,,首板,,,,,,,61326100.0,649632717.0,12.0,5575288430.0,400511904.0
688603.SH,天承科技,20260522,09:34:18,,,09:38:27,芯片,涨停,玻璃基板、印制电路板,96584437.0,,首板,,,,,,,119089048.0,1293159025.0,16.4,8077877343.0,372972512.0
000026.SZ,飞亚达,20260522,10:00:39,,,10:00:39,并购重组,涨停,并购重组、端侧AI,96400958.0,,4天2板,,,,,,,47285768.0,588024673.0,11.87,5150001827.0,537124672.0
301312.SZ,智立方,20260522,13:00:27,,,13:00:27,通信,涨停,CPO/MPO、通信,90145706.0,,首板,,,,,,,68804288.0,1412537335.0,29.33,5119915516.0,482455264.0
603439.SH,三力制药,20260522,11:18:07,,,11:18:07,医药,涨停,创新药、医药,89973431.0,,首板,,,,,,,33142796.0,423233171.0,16.61,2613052963.0,235896464.0
600719.SH,大连热电,20260522,11:05:44,,,11:05:44,电力,涨停,电力、复合集流体,85809457.0,,首板,,,,,,,70073000.0,362685942.0,15.7,2407724881.0,385083072.0
300174.SZ,元力股份,20260522,13:00:57,,,13:52:15,元器件,涨停,电阻电容、元器件,83781073.0,,首板,,,,,,,38894852.0,1339153126.0,21.97,6410417753.0,531831456.0
601992.SH,金隅集团,20260522,09:33:44,,,09:45:11,商业航天,涨停,商业航天、物业服务,83519681.0,,首板,,,,,,,15873816.0,280736111.0,4.83,5877781794.0,78159480.0
002823.SZ,凯中精密,20260522,13:30:06,,,13:30:06,机器人概念,涨停,机器人概念、比亚迪产业链,79431134.0,,首板,,,,,,,59429840.0,365660575.0,11.59,3261116596.0,389010336.0
000532.SZ,华金资本,20260522,13:50:06,,,13:50:06,元器件,涨停,电阻电容、元器件,78312712.0,,首板,,,,,,,71814288.0,362979162.0,15.16,2478903805.0,246448560.0
603931.SH,格林达,20260522,09:49:16,,,09:49:16,芯片,涨停,光刻胶、芯片,77615844.0,,首板,,,,,,,52679540.0,371856104.0,6.73,5681955908.0,274438112.0
002667.SZ,*ST威领,20260522,10:05:00,,,10:56:21,ST板块,涨停,锂矿、锂电池,75313742.0,,首板,,,,,,,7359347.0,806614752.0,23.36,3596153815.0,28128390.0
000417.SZ,合百集团,20260522,09:34:21,,,14:34:57,芯片,涨停,芯片、平台经济,74223729.0,,5天4板,,,,,,,61175368.0,2587952754.0,53.79,4941900860.0,389343680.0
600683.SH,京投发展,20260522,09:54:10,,,09:56:58,并购重组,涨停,并购重组、地产链,70722866.0,,首板,,,,,,,26512752.0,391001351.0,7.73,5228046780.0,186371312.0
603960.SH,克来机电,20260522,11:16:15,,,11:16:15,物理AI,涨停,物理AI、CPO/MPO,69071311.0,,首板,,,,,,,47060104.0,334522586.0,9.01,3864615867.0,284440032.0
002725.SZ,跃岭股份,20260522,10:04:06,,,10:04:06,芯片,涨停,磷化铟、汽车零部件,67445897.0,,首板,,,,,,,33486522.0,265843204.0,10.94,2505607218.0,352144896.0
300069.SZ,金利华电,20260522,09:25:00,,,09:25:00,并购重组,涨停,并购重组、智能电网,63384788.0,,3连板,,,,,,,241989680.0,254166180.0,7.24,3512291562.0,523645614.0
605366.SH,宏柏新材,20260522,13:01:22,,,13:01:22,化工,涨停,有机硅、化工,62788061.0,,首板,,,,,,,31385476.0,510599082.0,8.69,6042700844.0,427838272.0
300243.SZ,瑞丰高材,20260522,13:14:27,,,13:14:27,通信,涨停,印制电路板、合成生物,60575287.0,,首板,,,,,,,28554816.0,851932254.0,22.01,4130408615.0,429309120.0
000711.SZ,ST京蓝,20260522,13:30:18,,,13:32:48,ST板块,涨停,元宇宙、靶材,57450865.0,,首板,,,,,,,29968084.0,617395829.0,4.95,12865260449.0,42396088.0
603223.SH,恒通股份,20260522,13:06:49,,,14:32:40,天然气,涨停,天然气、一季报增长,53487886.0,,首板,,,,,,,2249450.0,354559520.0,11.08,3257305896.0,95725192.0
600539.SH,狮头股份,20260522,09:43:03,,,09:43:03,物理AI,涨停,并购重组、物理AI,52263639.0,,首板,,,,,,,96811608.0,164283003.0,8.26,2050324650.0,265982816.0
301588.SZ,美新科技,20260522,10:00:03,,,10:33:51,地产链,涨停,装修家具、地产链,51485736.0,,首板,,,,,,,45642980.0,392837509.0,13.96,2943904014.0,374466272.0
603269.SH,海鸥股份,20260522,10:35:58,,,10:35:58,算力,涨停,液冷、算力,48756496.0,,首板,,,,,,,42203148.0,397391260.0,7.75,5303478519.0,209480048.0
600503.SH,华丽家族,20260522,09:50:30,,,09:50:30,机器人概念,涨停,机器人概念、石墨化,47720557.0,,首板,,,,,,,34064072.0,132465785.0,3.5,3869338075.0,138943728.0
002826.SZ,易明医药,20260522,13:58:21,,,14:36:45,医药,涨停,医药、减肥药,47221619.0,,首板,,,,,,,5214858.0,244025913.0,9.94,2547978341.0,185368416.0
002453.SZ,华软科技,20260522,09:59:12,,,09:59:12,并购重组,涨停,并购重组、数字经济,45452267.0,,首板,,,,,,,78863480.0,162107265.0,5.81,2862354644.0,423236096.0
605580.SH,恒盛能源,20260522,09:46:44,,,09:46:44,金刚石概念,涨停,金刚石概念、培育钻石,45141625.0,,首板,,,,,,,56832360.0,110806027.0,7.02,1616305600.0,243190608.0
603800.SH,洪田股份,20260522,13:05:13,,,13:25:46,芯片,涨停,玻璃基板、复合集流体,44833435.0,,首板,,,,,,,55199528.0,676991792.0,8.67,8042912800.0,343664832.0
605500.SH,森林包装,20260522,13:47:11,,,13:47:23,包装印刷,涨停,包装印刷、电力,39747416.0,,首板,,,,,,,30965036.0,351597530.0,34.48,1053676646.0,103840896.0
603976.SH,正川股份,20260522,11:10:13,,,11:10:13,医疗器械,涨停,医疗器械、病毒防治,39543415.0,,首板,,,,,,,44131316.0,221817188.0,21.61,1053098512.0,255074784.0
603867.SH,新化股份,20260522,11:13:17,,,11:29:32,锂电池,涨停,盐湖提锂、磷化工,38826202.0,,首板,,,,,,,50449336.0,692640745.0,10.29,6920218560.0,281878144.0
603001.SH,奥康国际,20260522,10:02:13,,,10:02:13,服装家纺,涨停,服装家纺、一季报增长,38417899.0,,首板,,,,,,,38993528.0,188412488.0,9.5,2028229016.0,208964848.0
002859.SZ,洁美科技,20260522,13:00:06,,,13:29:36,元器件,涨停,电阻电容、元器件,37260552.0,,首板,,,,,,,60396608.0,1137893058.0,10.22,11360842245.0,418718304.0
000595.SZ,*ST宝实,20260522,14:16:33,,,14:16:33,ST板块,涨停,机器人概念、军工,33717347.0,,首板,,,,,,,6589037.0,188407275.0,3.97,4807329748.0,9271756.0
600191.SH,华资实业,20260522,13:17:32,,,13:17:32,医药,涨停,合成生物、食品饮料,28048428.0,,首板,,,,,,,14117864.0,133843681.0,4.63,2985763663.0,171970816.0
600303.SH,曙光股份,20260522,09:30:33,,,09:30:33,汽车零部件,涨停,汽车零部件、锂电池,25602939.0,,2连板,,,,,,,79428840.0,124973447.0,5.83,2174847649.0,186036112.0
301362.SZ,民爆光电,20260522,13:04:27,,,13:37:33,通信,涨停,印制电路板、通信,23029746.0,,首板,,,,,,,43592096.0,1204726488.0,18.45,7083119100.0,187044944.0
300907.SZ,康平科技,20260522,10:54:54,,,10:54:54,机器人概念,涨停,机器人概念、智能电网,22234078.0,,首板,,,,,,,69239312.0,454389736.0,31.4,1519425600.0,577200832.0
002175.SZ,*ST东智,20260522,09:45:54,,,10:24:39,ST板块,涨停,工业母机、元宇宙,18978637.0,,首板,,,,,,,2871808.0,99263662.0,3.79,2640668542.0,31489956.0
002501.SZ,*ST利源,20260522,09:38:54,,,14:26:27,ST板块,涨停,金属铝、有色金属,18512936.0,,首板,,,,,,,5424338.0,80806727.0,2.03,4009723199.0,27319996.0
603661.SH,恒林股份,20260522,09:25:39,,,09:25:39,金刚石概念,涨停,芯片、算力,18376186.0,,2连板,,,,,,,68574536.0,58458361.0,4.54,1288392627.0,121809880.0
001366.SZ,播恩集团,20260522,10:37:45,,,10:37:45,医药,涨停,合成生物、农业,15856432.0,,首板,,,,,,,153108048.0,140865903.0,15.66,919204486.0,330897664.0
600234.SH,科新发展,20260522,10:04:41,,,10:04:41,算力,涨停,算力租赁、算力,15540185.0,,首板,,,,,,,53134216.0,100930078.0,2.9,3611346138.0,135932560.0
603595.SH,ST东尼,20260522,09:37:28,,,09:48:55,ST板块,涨停,碳化硅、金刚石概念,15520113.0,,首板,,,,,,,10176540.0,81237175.0,3.07,2665378961.0,22220088.0
605180.SH,华生科技,20260522,11:19:51,,,11:19:51,元器件,涨停,电阻电容、元器件,14962066.0,,首板,,,,,,,29565772.0,74091451.0,9.83,784688125.0,92008160.0
002431.SZ,ST棕榈,20260522,09:45:21,,,13:26:57,ST板块,涨停,农业、基础建设,14486749.0,,首板,,,,,,,4732812.0,51174810.0,2.82,1823182887.0,12982536.0
002076.SZ,*ST星光,20260522,13:02:09,,,13:37:45,ST板块,涨停,量子科技、算力,13897750.0,,首板,,,,,,,4165199.0,143532268.0,6.11,2380378389.0,20123662.0
000826.SZ,*ST启环,20260522,14:40:39,,,14:40:39,ST板块,涨停,环保、垃圾发电,13826038.0,,首板,,,,,,,6080711.0,86695299.0,3.22,2731925479.0,9381215.0
002199.SZ,*ST东晶,20260522,10:52:30,,,10:52:30,ST板块,涨停,股权转让、消费电子,13255331.0,,首板,,,,,,,11197964.0,84707389.0,4.15,2066080387.0,21313042.0
002193.SZ,ST如意,20260522,09:32:36,,,10:36:30,ST板块,涨停,服装家纺、抗病毒面料,11714036.0,,首板,,,,,,,2992314.0,57021555.0,5.88,973406675.0,22479366.0
603721.SH,*ST天择,20260522,10:04:17,,,13:44:49,ST板块,涨停,阶跃星辰、年报增长,10236795.0,,首板,,,,,,,5394744.0,63264825.0,4.09,1559110020.0,14340061.0
002496.SZ,*ST辉丰,20260522,11:21:54,,,13:45:54,ST板块,涨停,农药、氢能源,8740433.0,,首板,,,,,,,2969270.0,103199438.0,3.7,2821800673.0,8649544.0
002442.SZ,龙星科技,20260522,09:44:45,,,09:44:45,化工,涨停,煤化工、化工,8600484.0,,3连板,,,,,,,48156852.0,716560521.0,25.23,3020594961.0,252180432.0
603922.SH,ST金鸿顺,20260522,09:47:48,,,11:24:48,ST板块,涨停,汽车零部件、并购重组,7671091.0,,首板,,,,,,,1405577.0,51536264.0,3.48,1491483929.0,17125648.0
603021.SH,*ST华鹏,20260522,13:04:16,,,14:40:43,ST板块,涨停,并购重组、医疗器械,6059414.0,,首板,,,,,,,1152670.0,47100119.0,3.71,1285871613.0,5412309.0
002762.SZ,*ST金比,20260522,13:34:42,,,13:44:42,ST板块,涨停,生育概念、一季报增长,2568879.0,,首板,,,,,,,4464975.0,45842108.0,3.06,1519229649.0,7117875.0
002634.SZ,*ST棒杰,20260522,10:08:00,,,10:08:00,ST板块,涨停,TOPCon、光伏,2173885.0,,首板,,,,,,,5458852.0,31462290.0,2.13,1503722223.0,13913521.0
603261.SH,*ST立航,20260522,14:49:31,,,14:49:31,ST板块,涨停,军工、ST板块,515012.0,,首板,,,,,,,2363790.0,22324234.0,2.32,976330762.0,7080255.0
600892.SH,*ST大晟,20260522,14:00:33,,,14:33:27,ST板块,涨停,游戏、文化传媒,-2410971.0,,首板,,,,,,,1620040.0,48802755.0,3.37,1472162577.0,8542176.0
001225.SZ,和泰机电,20260522,09:33:06,,,09:41:24,新型工业化,涨停,专用设备、新型工业化,-5760656.0,,2连板,,,,,,,42474348.0,236905371.0,23.06,1052372301.0,100514344.0
002253.SZ,*ST智胜,20260522,14:10:33,,,14:20:48,ST板块,涨停,人工智能、元宇宙,-7493540.0,,首板,,,,,,,2865324.0,90216933.0,4.53,2013222872.0,9897216.0
000518.SZ,四环生物,20260522,09:30:03,,,09:56:00,ST摘帽,涨停,医药、病毒防治,-23891864.0,,5天4板,,,,,,,61785112.0,705070644.0,25.66,2756985395.0,308953920.0
688260.SH,昀冢科技,20260522,09:39:10,,,13:00:01,元器件,涨停,电阻电容、通信,-47423500.0,,4天2板,,,,,,,79086808.0,1047150482.0,20.32,5277000960.0,217780848.0
