ts_code,name,type,trade_date,pct_change,pct_chg,close,vol
884071.TI,磨具磨料,I,20260522,8.0112,,5624.7,2910528.0
884093.TI,被动元件,I,20260522,7.9521,,7238.2,5319147.2
881270.TI,元件,I,20260522,7.8496,,24576.136,24368561.0
884092.TI,印制电路板,I,20260522,7.814,,5680.987,19049415.0
700468.TI,贵重金属与矿石(A股),I,20260522,7.0877,,3554.531,1086725.36
884059.TI,玻璃玻纤,I,20260522,6.4635,,5679.336,12501861.6
884285.TI,镍,I,20260522,5.8425,,11002.633,113335.46
884054.TI,铜,I,20260522,5.8121,,4058.111,14894592.0
700471.TI,铜(A股),I,20260522,5.8074,,1829.5107,7056841.18
884213.TI,膜材料,I,20260522,5.6618,,4086.256,6670665.1
884057.TI,磁性材料,I,20260522,5.6098,,4759.819,1870946.9
884282.TI,钨,I,20260522,5.5786,,8687.576,2286283.0
700565.TI,电子设备和仪器(A股),I,20260522,5.3524,,6724.908,106438635.5
884036.TI,氟化工,I,20260522,5.34,,5299.76,5839787.3
884231.TI,电子化学品Ⅲ,I,20260522,5.2184,,96469.785,13264903.8
881172.TI,电子化学品,I,20260522,5.2184,,96469.785,13264903.8
700496.TI,地面货运(A股),I,20260522,5.1327,,820.7562,404796.99
884096.TI,光学元件,I,20260522,4.9869,,4688.666,7710011.9
700475.TI,建筑产品Ⅳ(A股),I,20260522,4.9014,,3368.1314,9022665.05
700368.TI,建筑产品Ⅲ(A股),I,20260522,4.9014,,3368.3462,9022665.05
881114.TI,金属新材料,I,20260522,4.8511,,16460.709,4545733.0
884220.TI,激光设备,I,20260522,4.7112,,31840.788,2691906.7
881167.TI,非金属材料,I,20260522,4.5712,,33818.027,1707436.8
884058.TI,非金属材料Ⅲ,I,20260522,4.5712,,33818.027,1707436.8
881168.TI,工业金属,I,20260522,4.5118,,4752.504,36519896.0
700411.TI,电子设备、仪器和元件(A股),I,20260522,4.5041,,6325.416,204262842.7
700458.TI,多种化学制品(A股),I,20260522,4.2672,,2797.2815,3284613.25
700338.TI,技术硬件与设备(A股),I,20260522,4.2535,,6349.2276,246727610.97
884056.TI,其他金属新材料,I,20260522,4.2521,,4225.29,2674785.9
884053.TI,铝,I,20260522,4.0054,,3628.573,13740875.0
884055.TI,铅锌,I,20260522,3.9632,,4001.181,7884430.5
700566.TI,电子元件(A股),I,20260522,3.9509,,6128.2587,90132687.69
884284.TI,钴,I,20260522,3.9345,,59234.314,782928.13
881265.TI,塑料制品,I,20260522,3.8945,,11950.499,14152185.0
700567.TI,电子制造服务(A股),I,20260522,3.8824,,3458.2665,3446211.34
884048.TI,改性塑料,I,20260522,3.85,,3513.98,2915368.6
884228.TI,集成电路封测,I,20260522,3.8289,,11441.789,12890594.4
884311.TI,锂电专用设备,I,20260522,3.8175,,443775.77,3027432.1
700461.TI,特种化学制品(A股),I,20260522,3.8131,,4188.7342,14610434.65
700563.TI,通信设备Ⅳ(A股),I,20260522,3.7751,,6126.5122,32721230.13
700409.TI,通信设备Ⅲ(A股),I,20260522,3.7751,,6126.5122,32721230.13
884262.TI,通信网络设备及器件,I,20260522,3.7642,,29119.468,10055104.6
884046.TI,其他塑料制品,I,20260522,3.6991,,2545.54,2430435.1
881123.TI,其他电子,I,20260522,3.6974,,23533.851,9017897.4
884193.TI,其他电子Ⅲ,I,20260522,3.6974,,23533.851,9017897.4
700465.TI,铝(A股),I,20260522,3.6964,,2341.4872,16210192.74
884030.TI,涂料油墨,I,20260522,3.6353,,3329.56,1759178.8
700466.TI,多种金属与采矿(A股),I,20260522,3.6324,,2588.5959,39980279.03
700420.TI,复合型公用事业Ⅲ(A股),I,20260522,3.6268,,1492.3394,6903334.5
700583.TI,复合型公用事业Ⅳ(A股),I,20260522,3.6268,,1488.277,6903334.5
884090.TI,分立器件,I,20260522,3.6155,,7726.452,5014946.2
884051.TI,炭黑,I,20260522,3.5785,,1183.509,1503460.4
884098.TI,消费电子零部件及组装,I,20260522,3.5484,,4592.854,27311684.0
700507.TI,住宅建筑(A股),I,20260522,3.5385,,644.3113,400927.25
700308.TI,信息技术(A股),I,20260522,3.4751,,5760.4961,375429583.06
700590.TI,房地产经营公司(A股),I,20260522,3.3675,,1092.6341,2062290.57
884306.TI,光伏加工设备,I,20260522,3.3629,,19867.418,1979217.0
884263.TI,通信线缆及配套,I,20260522,3.3467,,34086.134,6967740.5
700497.TI,地面客运(A股),I,20260522,3.3387,,1251.5829,1248765.7
884044.TI,其他纤维,I,20260522,3.3313,,1847.533,3358185.8
700570.TI,半导体产品(A股),I,20260522,3.2978,,7590.0572,60957504.51
884288.TI,模拟芯片设计,I,20260522,3.2834,,26683.721,4589165.0
700365.TI,金属与采矿(A股),I,20260522,3.2681,,2493.6618,89861572.93
884211.TI,有机硅,I,20260522,3.2637,,5003.99,2258190.0
884085.TI,电机Ⅲ,I,20260522,3.1731,,4219.904,6224163.9
881277.TI,电机,I,20260522,3.1731,,4219.904,6224163.9
884309.TI,锂电池,I,20260522,3.159,,13252.338,9013753.9
884287.TI,数字芯片设计,I,20260522,3.118,,54317.634,10715219.0
884192.TI,仪器仪表,I,20260522,3.1138,,7891.675,5548797.8
881124.TI,消费电子,I,20260522,3.0899,,14197.305,28085787.0
884034.TI,其他化学制品,I,20260522,3.086,,3133.257,9545148.7
881129.TI,通信设备,I,20260522,3.0855,,10582.389,21398928.0
884200.TI,公交,I,20260522,3.0846,,3989.603,1012852.76
700410.TI,电脑与外围设备(A股),I,20260522,3.0404,,5477.8809,9743538.14
700564.TI,电脑硬件、储存设备及电脑周边(A股),I,20260522,3.0404,,5472.9671,9743538.14
884186.TI,其他小金属,I,20260522,3.0299,,6963.174,4987640.2
884227.TI,集成电路制造,I,20260522,3.025,,19347.846,4608800.3
881170.TI,小金属,I,20260522,3.0239,,9592.966,9749780.1
884083.TI,楼宇设备,I,20260522,2.9938,,2350.326,1018293.23
700457.TI,商品化工(A股),I,20260522,2.9455,,2367.4671,69223114.25
700469.TI,白银(A股),I,20260522,2.9352,,1405.573,1075163.29
881121.TI,半导体,I,20260522,2.9236,,17918.204,48516241.0
881266.TI,橡胶制品,I,20260522,2.917,,15819.124,2792730.2
700302.TI,原材料(A股),I,20260522,2.9016,,2441.8717,217406856.48
700321.TI,原材料Ⅱ(A股),I,20260522,2.9016,,2441.9425,217406856.48
884221.TI,其他自动化设备,I,20260522,2.8954,,72151.829,2347590.8
700362.TI,化学制品(A股),I,20260522,2.8938,,2678.5076,96599735.93
884073.TI,制冷空调设备,I,20260522,2.876,,5392.352,2581885.7
884091.TI,半导体材料,I,20260522,2.8663,,9968.834,7382831.3
884082.TI,其他专用设备,I,20260522,2.8563,,4187.166,12331897.8
884024.TI,无机盐,I,20260522,2.811,,4130.794,2015866.1
884101.TI,商用载客车,I,20260522,2.8011,,2438.147,891672.93
884149.TI,热力,I,20260522,2.8,,2735.771,4024425.7
700463.TI,金属、玻璃和塑料容器(A股),I,20260522,2.7724,,1666.8235,7458326.82
884305.TI,光伏辅材,I,20260522,2.7573,,6401.382,4577054.1
700373.TI,贸易公司与经销商Ⅲ(A股),I,20260522,2.7527,,1595.7119,8217413.88
700483.TI,贸易公司与经销商Ⅳ(A股),I,20260522,2.7527,,1596.0079,8217413.88
700467.TI,黄金(A股),I,20260522,2.7519,,4493.7085,5480583.62
700412.TI,半导体产品与设备Ⅲ(A股),I,20260522,2.7518,,8459.7845,67821827.37
700339.TI,半导体产品与设备Ⅱ(A股),I,20260522,2.7518,,8460.6417,67821827.37
881267.TI,能源金属,I,20260522,2.7109,,40038.26,3541992.6
884086.TI,电气自控设备,I,20260522,2.7072,,4593.637,6501888.2
700504.TI,摩托车制造商(A股),I,20260522,2.701,,3467.6483,300760.1
884214.TI,冶钢原料,I,20260522,2.6971,,4871.382,4875531.1
881109.TI,化学制品,I,20260522,2.6931,,8055.455,27145880.0
700482.TI,工业机械和用品及零部件(A股),I,20260522,2.6763,,2409.1077,61831461.84
884050.TI,其他橡胶制品,I,20260522,2.6689,,4205.786,1289269.84
881122.TI,光学光电子,I,20260522,2.6665,,6188.331,128467252.0
884023.TI,氯碱,I,20260522,2.6648,,1738.736,4885904.7
881281.TI,电池,I,20260522,2.6604,,23271.35,25533993.0
881117.TI,通用设备,I,20260522,2.5509,,10497.631,40311806.0
700568.TI,技术产品经销商(A股),I,20260522,2.5486,,2920.2974,4245308.17
884315.TI,通信应用增值服务,I,20260522,2.5249,,11970.682,7621587.1
884076.TI,纺织服装设备,I,20260522,2.5205,,2111.636,2181758.9
884264.TI,通信终端及配件,I,20260522,2.514,,10631.713,3254214.0
884266.TI,军工电子Ⅲ,I,20260522,2.4195,,14533.442,10364666.4
881276.TI,军工电子,I,20260522,2.4195,,14533.442,10364666.4
884225.TI,其他电源设备Ⅲ,I,20260522,2.418,,7581.877,7423172.3
881282.TI,其他电源设备,I,20260522,2.418,,7581.877,7423172.3
881279.TI,光伏设备,I,20260522,2.3951,,9706.727,24353594.0
700538.TI,医疗保健用品(A股),I,20260522,2.3654,,2173.0246,1798611.04
884021.TI,油品石化贸易,I,20260522,2.329,,1563.409,634656.24
881284.TI,环保设备,I,20260522,2.3079,,1590.255,5137958.8
884084.TI,环保设备Ⅲ,I,20260522,2.3079,,1590.255,5137958.8
700525.TI,家庭装饰零售(A股),I,20260522,2.296,,348.3129,299493.84
884185.TI,贵金属Ⅲ,I,20260522,2.2931,,5337.505,7183903.7
881169.TI,贵金属,I,20260522,2.2931,,5337.505,7183903.7
884303.TI,光伏电池组件,I,20260522,2.2903,,18505.939,10713978.8
881115.TI,建筑材料,I,20260522,2.258,,6232.534,22882318.0
884033.TI,纺织化学用品,I,20260522,2.2473,,1291.103,2385113.1
881171.TI,自动化设备,I,20260522,2.2411,,33671.004,13866468.0
881269.TI,轨交设备,I,20260522,2.2352,,1131.671,4124209.0
884105.TI,轨交设备Ⅲ,I,20260522,2.2352,,1131.671,4124209.0
884136.TI,鞋帽及其他,I,20260522,2.2343,,1975.408,1190570.64
884132.TI,其他纺织,I,20260522,2.2343,,1506.934,2269775.8
881118.TI,专用设备,I,20260522,2.234,,8483.433,24666464.0
884025.TI,其他化学原料,I,20260522,2.2325,,3117.375,1626780.6
884089.TI,线缆部件及其他,I,20260522,2.2079,,3947.925,11914480.0
884312.TI,其他电池,I,20260522,2.2016,,4490.99,1649292.6
884075.TI,金属制品,I,20260522,2.2009,,4800.367,13414612.8
884308.TI,风电零部件,I,20260522,2.1848,,6281.917,5121085.3
700573.TI,无线电信业务Ⅳ(A股),I,20260522,2.1634,,1928.8037,452429.7
700414.TI,无线电信业务Ⅲ(A股),I,20260522,2.1634,,1928.8037,452429.7
700372.TI,机械制造(A股),I,20260522,2.1579,,2007.7414,77131420.47
884242.TI,医疗耗材,I,20260522,2.1264,,13235.376,3433956.8
884128.TI,棉纺,I,20260522,2.12,,1414.296,1443769.0
700398.TI,医疗保健技术Ⅲ(A股),I,20260522,2.1199,,1146.1341,257558.4
700543.TI,医疗保健技术Ⅳ(A股),I,20260522,2.1199,,1146.1341,257558.4
881278.TI,电网设备,I,20260522,2.0859,,7801.695,28838208.0
881108.TI,化学原料,I,20260522,2.0801,,3474.193,13875087.0
884219.TI,工控设备,I,20260522,2.0783,,20853.253,3831488.9
700520.TI,多品类零售Ⅳ(A股),I,20260522,2.077,,1171.8365,14183150.64
700389.TI,多品类零售Ⅲ(A股),I,20260522,2.077,,1173.3879,14183150.64
884094.TI,面板,I,20260522,2.0509,,2831.916,102429560.0
881264.TI,化学纤维,I,20260522,2.0302,,4129.03,8226359.7
884283.TI,钼,I,20260522,2.0029,,6577.506,899670.78
700477.TI,电气部件与设备(A股),I,20260522,1.9774,,3567.7049,38971540.57
881280.TI,风电设备,I,20260522,1.9481,,5631.552,8145119.9
884296.TI,横向通用软件,I,20260522,1.9374,,10082.659,5415081.0
884095.TI,LED,I,20260522,1.9269,,2542.217,18327683.0
884265.TI,其他通信设备,I,20260522,1.9196,,7997.425,1121867.88
884206.TI,贸易Ⅲ,I,20260522,1.9131,,2991.416,3260655.5
881159.TI,贸易,I,20260522,1.9131,,2991.416,3260655.5
884310.TI,电池化学品,I,20260522,1.8498,,28819.528,11843516.4
884027.TI,磷肥及磷化工,I,20260522,1.8417,,7000.629,3867009.3
884028.TI,农药,I,20260522,1.8336,,1903.613,3130097.5
700490.TI,调查和咨询服务(A股),I,20260522,1.8325,,3012.8727,2783888.09
700522.TI,电脑与电子产品零售(A股),I,20260522,1.806,,733.6141,1361078.29
881135.TI,纺织制造,I,20260522,1.7979,,2499.345,4533111.9
884294.TI,安防设备,I,20260522,1.7956,,8695.707,2447842.8
884212.TI,合成树脂,I,20260522,1.7716,,14713.263,2135716.4
884063.TI,耐火材料,I,20260522,1.7638,,2456.544,1111791.02
700328.TI,非必需消费品分销和零售(A股),I,20260522,1.757,,902.1296,19118700.35
700322.TI,资本品(A股),I,20260522,1.7387,,2339.7515,198469359.43
884209.TI,钛白粉,I,20260522,1.7334,,2320.421,1122255.12
884074.TI,其他通用设备,I,20260522,1.7255,,3119.554,12228064.7
881130.TI,计算机设备,I,20260522,1.7168,,4554.975,13583555.0
884207.TI,其他计算机设备,I,20260522,1.6828,,26258.133,11135711.9
884304.TI,逆变器,I,20260522,1.6813,,26161.523,2190221.6
884080.TI,能源及重型设备,I,20260522,1.6708,,2342.024,7344413.1
700370.TI,电气设备(A股),I,20260522,1.665,,3439.009,55143002.23
884039.TI,聚氨酯,I,20260522,1.6569,,3592.814,1291705.93
884116.TI,家电零部件,I,20260522,1.6535,,4111.734,7626322.9
884015.TI,焦炭加工,I,20260522,1.6173,,1219.503,1673356.9
700559.TI,信息科技咨询与其它服务(A股),I,20260522,1.6015,,2471.0508,30432251.36
884065.TI,装饰园林,I,20260522,1.5944,,1545.547,7602577.8
700407.TI,信息技术服务(A股),I,20260522,1.5934,,2404.4399,35054546.5
884181.TI,航空装备,I,20260522,1.5789,,2429.218,8075847.3
700515.TI,消闲设施(A股),I,20260522,1.5778,,2258.4859,613320.75
884064.TI,管材,I,20260522,1.575,,1430.843,1003174.98
884088.TI,输变电设备,I,20260522,1.5711,,3530.748,10421840.1
700551.TI,特殊金融服务(A股),I,20260522,1.5708,,633.1635,1163475.71
700560.TI,互联网服务和基础设施(A股),I,20260522,1.5529,,1114.0981,4622295.14
700519.TI,经销商Ⅳ(A股),I,20260522,1.5493,,1072.1209,1418388.76
700388.TI,经销商Ⅲ(A股),I,20260522,1.5493,,1072.1209,1418388.76
881263.TI,农化制品,I,20260522,1.548,,5220.974,11338429.9
884118.TI,其他黑色家电,I,20260522,1.5381,,2077.765,861822.91
881165.TI,综合,I,20260522,1.5341,,2448.921,4518007.7
884208.TI,综合Ⅲ,I,20260522,1.5341,,2448.921,4518007.7
884274.TI,IT服务Ⅲ,I,20260522,1.5317,,14218.792,36774859.0
881271.TI,IT服务,I,20260522,1.5317,,14218.792,36774859.0
884258.TI,体育,I,20260522,1.5305,,7307.162,1064912.51
881179.TI,其他社会服务,I,20260522,1.5055,,21303.22,5041747.2
884257.TI,专业服务,I,20260522,1.5042,,20357.079,3976834.6
884031.TI,钾肥,I,20260522,1.5033,,14416.815,1078820.22
884278.TI,畜禽饲料,I,20260522,1.5011,,2443.173,2235712.6
881162.TI,通信服务,I,20260522,1.4994,,3310.483,20362670.0
700303.TI,工业(A股),I,20260522,1.4968,,2065.5912,262082835.53
700485.TI,环境与设施服务(A股),I,20260522,1.4966,,1188.4041,14276231.58
884011.TI,其他农产品加工,I,20260522,1.4726,,2446.611,930434.91
884270.TI,综合环境治理,I,20260522,1.4698,,1932.94,4482264.4
884277.TI,其他养殖,I,20260522,1.4674,,1401.018,456191.0
700459.TI,化肥与农用药剂(A股),I,20260522,1.467,,2439.2245,7913416.95
884130.TI,印染,I,20260522,1.4626,,1669.333,656542.44
884005.TI,海洋捕捞,I,20260522,1.4591,,1480.32,83659.01
884291.TI,轮胎轮毂,I,20260522,1.438,,6167.3,2874993.8
884267.TI,大气治理,I,20260522,1.4348,,3998.629,539584.93
700375.TI,专业服务(A股),I,20260522,1.433,,3596.7464,4467934.34
700513.TI,纺织品(A股),I,20260522,1.4256,,1448.3461,5061910.33
881274.TI,影视院线,I,20260522,1.4253,,1490.083,7135531.1
884177.TI,影视院线Ⅲ,I,20260522,1.4253,,1490.083,7135531.1
881131.TI,白色家电,I,20260522,1.4195,,8985.793,9861264.3
700501.TI,汽车零件与设备(A股),I,20260522,1.4192,,3242.1416,38928749.11
884141.TI,饰品,I,20260522,1.4143,,915.263,1506507.2
881272.TI,软件开发,I,20260522,1.4117,,2148.474,18714015.0
884062.TI,其他建材,I,20260522,1.4111,,2869.679,3468944.5
884217.TI,工程咨询服务,I,20260522,1.3905,,13986.907,4240255.4
700381.TI,汽车零部件(A股),I,20260522,1.3865,,3182.5144,41154905.14
884032.TI,民爆用品,I,20260522,1.3626,,3804.937,2430990.6
884237.TI,瓷砖地板,I,20260522,1.3615,,2367.235,1751920.4
881144.TI,医疗器械,I,20260522,1.3527,,11803.352,8991180.5
884184.TI,特钢,I,20260522,1.3512,,2171.486,2023593.0
700390.TI,专营零售(A股),I,20260522,1.3409,,597.7424,3517160.95
700473.TI,纸制品(A股),I,20260522,1.3304,,1683.9343,5031936.94
884112.TI,冰洗,I,20260522,1.329,,2665.419,1321322.09
700562.TI,系统软件(A股),I,20260522,1.328,,3226.0903,7035851.23
884255.TI,互联网电商Ⅲ,I,20260522,1.3244,,9501.37,4344916.7
881177.TI,互联网电商,I,20260522,1.3244,,9501.37,4344916.7
884292.TI,其他汽车零部件,I,20260522,1.3198,,11350.43,5531647.7
881181.TI,环境治理,I,20260522,1.3168,,4536.739,15825403.0
881166.TI,军工装备,I,20260522,1.3112,,2509.855,14282097.0
700323.TI,商业和专业服务(A股),I,20260522,1.3052,,1784.3088,25121281.13
884286.TI,锂,I,20260522,1.2917,,28800.923,2645728.9
881136.TI,服装家纺,I,20260522,1.291,,3170.948,8976319.1
700540.TI,保健护理服务(A股),I,20260522,1.2906,,3085.0966,3199351.14
881178.TI,教育,I,20260522,1.2844,,4300.76,2678381.4
884256.TI,教育Ⅲ,I,20260522,1.2844,,4300.76,2678381.4
884069.TI,机床工具,I,20260522,1.2828,,3233.911,3627916.7
884269.TI,固废治理,I,20260522,1.2781,,5500.17,5152191.4
884293.TI,汽车电子电气系统,I,20260522,1.275,,10656.345,7361495.6
884195.TI,造纸Ⅲ,I,20260522,1.2677,,2287.746,6360955.0
881137.TI,造纸,I,20260522,1.2677,,2287.746,6360955.0
884281.TI,煤化工,I,20260522,1.2674,,3589.768,2314333.1
884234.TI,服装,I,20260522,1.2652,,2649.134,5943903.9
884060.TI,水泥,I,20260522,1.2621,,1475.935,4796543.8
884202.TI,住宅开发,I,20260522,1.2605,,1862.608,27196595.0
884009.TI,果蔬加工,I,20260522,1.2595,,1997.47,296797.02
884268.TI,水务及水治理,I,20260522,1.2591,,4148.689,5651362.4
700524.TI,汽车零售(A股),I,20260522,1.257,,559.8885,760421.29
884026.TI,氮肥,I,20260522,1.2492,,1427.239,1501858.1
700374.TI,商业服务与商业用品(A股),I,20260522,1.2441,,1558.5375,20653346.79
881145.TI,电力,I,20260522,1.2312,,2186.675,82176877.0
884162.TI,商业物业经营,I,20260522,1.2284,,1519.533,5967666.0
700337.TI,软件与服务(A股),I,20260522,1.2195,,2833.5208,60880144.72
884215.TI,稀土,I,20260522,1.2078,,13372.551,1576186.2
884150.TI,新能源发电,I,20260522,1.2029,,2176.473,24737759.0
884295.TI,垂直应用软件,I,20260522,1.1895,,17533.878,13298934.3
700491.TI,数据处理和外包服务(A股),I,20260522,1.1582,,1665.6983,1538026.04
881126.TI,汽车零部件,I,20260522,1.1531,,7084.877,42791150.0
884041.TI,涤纶,I,20260522,1.1403,,1924.759,3270438.7
700578.TI,电影和娱乐(A股),I,20260522,1.14,,680.8313,7290983.51
881103.TI,农产品加工,I,20260522,1.1366,,3842.645,4534033.1
884142.TI,文娱用品,I,20260522,1.11,,2608.048,1714546.2
881180.TI,石油加工贸易,I,20260522,1.1097,,3952.842,8935405.0
700481.TI,农用农业机械(A股),I,20260522,1.0774,,1774.7547,778146.37
700385.TI,纺织品、服装与奢侈品(A股),I,20260522,1.0765,,1008.2257,12912182.25
884145.TI,医疗设备,I,20260522,1.0712,,2865.146,2837212.2
884183.TI,航海装备,I,20260522,1.0654,,3715.761,2584157.2
700502.TI,轮胎与橡胶(A股),I,20260522,1.0653,,2965.9737,2226156.03
884081.TI,印刷包装机械,I,20260522,1.0598,,3267.277,1070794.28
884290.TI,底盘与发动机系统,I,20260522,1.0478,,11758.736,21882075.0
884302.TI,硅料硅片,I,20260522,1.0327,,6949.625,4893121.9
884279.TI,水产饲料,I,20260522,1.0188,,9793.856,483890.75
700571.TI,非传统电信运营商(A股),I,20260522,1.0176,,3784.1297,2524998.46
881132.TI,黑色家电,I,20260522,1.0107,,4810.55,3027028.2
700425.TI,房地产管理和开发Ⅲ(A股),I,20260522,1.0061,,762.2673,41897976.35
700344.TI,房地产管理和开发Ⅱ(A股),I,20260522,1.0061,,762.2417,41897976.35
700511.TI,服装、服饰与奢侈品(A股),I,20260522,1.0049,,799.3646,6834418.23
700311.TI,房地产(A股),I,20260522,1.0049,,761.3817,41944699.35
881112.TI,钢铁,I,20260522,1.0013,,1660.24,21023060.0
700408.TI,软件(A股),I,20260522,0.9854,,3127.9404,25825598.22
884001.TI,种子生产,I,20260522,0.9721,,2848.839,1331289.78
881116.TI,建筑装饰,I,20260522,0.9718,,4609.835,37329565.0
700478.TI,重型电气设备(A股),I,20260522,0.9626,,3213.2165,16171461.66
884289.TI,车身附件及饰件,I,20260522,0.9573,,10715.779,5140933.1
884229.TI,半导体设备,I,20260522,0.9561,,242805.23,3314684.8
700366.TI,纸类与林业产品(A股),I,20260522,0.9423,,1857.8918,8056422.37
700536.TI,个人护理用品Ⅳ(A股),I,20260522,0.9333,,1179.8273,907481.87
700395.TI,个人护理用品Ⅲ(A股),I,20260522,0.9333,,1179.8805,907481.87
884301.TI,医院,I,20260522,0.9275,,4423.606,4448505.7
884307.TI,风电整机,I,20260522,0.9225,,4997.652,3024034.7
884066.TI,房屋建设,I,20260522,0.9199,,1356.446,4289178.3
700325.TI,汽车与汽车零部件(A股),I,20260522,0.9181,,3260.9467,49096431.21
884182.TI,地面兵装,I,20260522,0.9149,,2339.712,1536607.7
884146.TI,火电,I,20260522,0.8924,,2901.685,44455670.0
884045.TI,氨纶,I,20260522,0.8886,,3198.808,742758.03
881125.TI,汽车整车,I,20260522,0.8804,,3009.042,9260094.0
884245.TI,其他医疗服务,I,20260522,0.874,,8856.153,709670.16
881153.TI,房地产,I,20260522,0.867,,1838.335,34455111.0
700561.TI,应用软件(A股),I,20260522,0.8528,,3374.4498,18789746.99
700591.TI,房地产开发(A股),I,20260522,0.8509,,733.2598,37281904.04
700331.TI,家庭与个人用品(A股),I,20260522,0.8425,,1162.6816,1377890.81
884020.TI,石油加工,I,20260522,0.8326,,1992.93,8300748.7
700505.TI,消费电子产品(A股),I,20260522,0.8319,,2507.9936,27686169.24
884160.TI,百货零售,I,20260522,0.8308,,1615.894,14084895.0
881139.TI,家居用品,I,20260522,0.8195,,4488.088,8255816.5
884140.TI,其他家居用品,I,20260522,0.8122,,1789.305,2128551.3
884314.TI,通信工程及服务,I,20260522,0.8065,,12655.03,5471402.7
884107.TI,汽车服务,I,20260522,0.8043,,1000.326,1179902.13
884298.TI,成品家居,I,20260522,0.804,,8132.977,1951220.1
884246.TI,电能综合服务,I,20260522,0.8018,,4280.91,4905461.5
700488.TI,安全和报警服务(A股),I,20260522,0.7976,,168.192,972803.22
881158.TI,零售,I,20260522,0.7934,,1910.424,21815358.0
700484.TI,商业印刷(A股),I,20260522,0.7779,,1131.3484,1330948.12
884297.TI,预加工食品,I,20260522,0.7711,,7718.957,466183.8
700486.TI,办公服务与用品(A股),I,20260522,0.7696,,8488.3482,960317.73
700364.TI,容器与包装(A股),I,20260522,0.758,,1791.8302,12394795.9
700363.TI,建筑材料Ⅲ(A股),I,20260522,0.7573,,1330.2505,10494329.35
700462.TI,建筑材料Ⅳ(A股),I,20260522,0.7573,,1330.2505,10494329.35
700527.TI,食品分销商(A股),I,20260522,0.752,,954.5693,147863.48
881268.TI,工程机械,I,20260522,0.7501,,3482.078,6539100.1
884077.TI,工程机械Ⅲ,I,20260522,0.7501,,3482.078,6539100.1
700480.TI,建筑机械和重型运输设备(A股),I,20260522,0.7425,,1515.104,14521812.26
700569.TI,半导体材料与设备(A股),I,20260522,0.7347,,16099.251,6864322.86
884236.TI,包装,I,20260522,0.7347,,10672.996,7231069.7
884006.TI,水产养殖,I,20260522,0.7288,,997.844,555624.14
700492.TI,航空货运与物流Ⅳ(A股),I,20260522,0.7263,,1915.0468,7755610.01
700376.TI,航空货运与物流Ⅲ(A股),I,20260522,0.7263,,1915.0468,7755610.01
700518.TI,特殊消费者服务(A股),I,20260522,0.7194,,505.6074,443064.55
881149.TI,公路铁路运输,I,20260522,0.7148,,1381.281,6752631.2
884271.TI,个护用品,I,20260522,0.6958,,2928.19,669528.11
884143.TI,原料药,I,20260522,0.6822,,2753.012,5157414.9
700521.TI,服装零售(A股),I,20260522,0.6795,,273.0219,465917.25
700379.TI,地面运输(A股),I,20260522,0.6786,,778.8085,4871067.6
884180.TI,航天装备,I,20260522,0.6675,,4533.907,2085485.1
884126.TI,其他食品,I,20260522,0.6432,,2117.906,1190567.06
700304.TI,非日常生活消费品(A股),I,20260522,0.6428,,2191.1067,131095879.83
700586.TI,新能源发电业者(A股),I,20260522,0.6362,,620.8944,7622091.52
881138.TI,包装印刷,I,20260522,0.6361,,4967.264,7472249.5
884035.TI,复合肥,I,20260522,0.6283,,2449.038,1760644.8
884099.TI,乘用车,I,20260522,0.6267,,3128.292,5987432.0
884248.TI,房地产服务,I,20260522,0.6177,,3217.345,1824074.3
700387.TI,综合消费者服务(A股),I,20260522,0.6113,,941.441,2216511.96
700394.TI,居家用品Ⅲ(A股),I,20260522,0.6052,,1470.4777,470408.94
700535.TI,居家用品Ⅳ(A股),I,20260522,0.6052,,1470.4777,470408.94
700487.TI,综合支持服务(A股),I,20260522,0.5865,,5571.3076,3113046.14
884243.TI,体外诊断,I,20260522,0.5843,,29100.239,2720011.6
700517.TI,教育服务(A股),I,20260522,0.5826,,844.1479,1773447.41
884124.TI,调味发酵品,I,20260522,0.564,,2049.961,3384824.4
881141.TI,中药,I,20260522,0.5633,,3150.208,8931829.5
884197.TI,中药Ⅲ,I,20260522,0.5633,,3150.208,8931829.5
884210.TI,食品及饲料添加剂,I,20260522,0.5456,,3395.527,1635766.1
700479.TI,工业集团企业Ⅳ(A股),I,20260522,0.5217,,1403.6646,480260.43
700371.TI,工业集团企业Ⅲ(A股),I,20260522,0.5217,,1403.6646,480260.43
884010.TI,粮油加工,I,20260522,0.5133,,1157.172,455530.29
884201.TI,物流Ⅲ,I,20260522,0.5084,,5488.499,5785648.4
881152.TI,物流,I,20260522,0.5084,,5488.499,5785648.4
884078.TI,农用机械,I,20260522,0.4836,,2712.058,719307.48
700422.TI,独立电力生产商与能源贸易商Ⅲ(A股),I,20260522,0.4786,,1021.2699,9981043.4
881128.TI,汽车服务及其他,I,20260522,0.4568,,1134.408,2424020.3
700455.TI,石油与天然气的储存和运输(A股),I,20260522,0.4374,,2687.664,620976.82
884260.TI,游戏Ⅲ,I,20260522,0.4328,,9968.938,6922630.7
881275.TI,游戏,I,20260522,0.4328,,9968.938,6922630.7
700592.TI,房地产服务(A股),I,20260522,0.4324,,1154.9658,2553781.74
884203.TI,产业地产,I,20260522,0.4286,,2441.646,3699843.9
700582.TI,燃气公用事业Ⅳ(A股),I,20260522,0.4246,,1034.7601,4839565.05
700419.TI,燃气公用事业Ⅲ(A股),I,20260522,0.4246,,1034.7569,4839565.05
700474.TI,航天航空与国防(A股),I,20260522,0.4234,,3142.9401,11019227.57
700367.TI,航空航天与国防(A股),I,20260522,0.4234,,3143.2094,11019227.57
884176.TI,出版,I,20260522,0.4156,,1737.585,2710094.0
881134.TI,食品加工制造,I,20260522,0.3954,,4982.489,8664966.6
700310.TI,公用事业(A股),I,20260522,0.3954,,1945.572,85047855.39
884199.TI,医药流通,I,20260522,0.3954,,2767.165,2918875.0
700342.TI,公用事业Ⅱ(A股),I,20260522,0.3954,,1945.1392,85047855.39
700587.TI,多样化房地产投资信托(A股),I,20260522,0.3802,,469.3295,46723.0
700423.TI,多元化房地产投资信托(A股),I,20260522,0.3802,,462.2579,46723.0
700343.TI,权益型房地产投资信托(REIT)(A股),I,20260522,0.3802,,338.7348,46723.0
700450.TI,石油与天然气钻井(A股),I,20260522,0.3798,,688.6891,1681538.26
881101.TI,种植业与林业,I,20260522,0.3792,,4490.828,5856536.0
884068.TI,专业工程,I,20260522,0.3526,,1973.366,7810058.5
881182.TI,美容护理,I,20260522,0.346,,5232.219,1846898.8
884261.TI,数字媒体,I,20260522,0.3391,,9975.179,2571147.9
884152.TI,燃气Ⅲ,I,20260522,0.3317,,2027.467,5879440.4
881146.TI,燃气,I,20260522,0.3317,,2027.467,5879440.4
700476.TI,建筑与工程Ⅳ(A股),I,20260522,0.3292,,1455.8159,37455369.8
700369.TI,建筑与工程Ⅲ(A股),I,20260522,0.3292,,1455.8194,37455369.8
884003.TI,其他种植业,I,20260522,0.326,,2251.993,2276511.4
884067.TI,基础建设,I,20260522,0.3238,,1713.834,13387497.3
884004.TI,林业,I,20260522,0.3003,,1606.961,1627442.2
884233.TI,休闲食品,I,20260522,0.2979,,7606.701,2036963.0
884147.TI,水电,I,20260522,0.2915,,3152.143,4053562.9
884106.TI,其他运输设备,I,20260522,0.283,,3027.099,1244118.08
700523.TI,其他专卖店(A股),I,20260522,0.2805,,229.8218,630250.28
884272.TI,化妆品,I,20260522,0.2698,,6780.973,933821.21
700384.TI,休闲设备与用品(A股),I,20260522,0.2693,,1627.0122,1787356.9
700510.TI,消闲用品(A股),I,20260522,0.2693,,1550.5822,1787356.9
884218.TI,机器人,I,20260522,0.2681,,18198.363,4995481.6
700577.TI,出版(A股),I,20260522,0.2668,,1167.4964,3220508.99
884249.TI,国有大型银行,I,20260522,0.265,,2967.476,12344317.7
700326.TI,耐用消费品与服装(A股),I,20260522,0.2483,,2678.5654,56658634.33
884155.TI,铁路运输,I,20260522,0.2466,,1034.184,3217504.9
700470.TI,钢铁(A股),I,20260522,0.2214,,1265.2276,18971787.71
700378.TI,海上运输Ⅲ(A股),I,20260522,0.214,,3308.0843,10909868.88
700494.TI,海上运输Ⅳ(A股),I,20260522,0.214,,3308.0843,10909868.88
884280.TI,宠物食品,I,20260522,0.2049,,3145.725,131667.59
884178.TI,广告营销,I,20260522,0.2004,,1306.724,13105464.5
700495.TI,铁路运输(A股),I,20260522,0.1989,,658.0616,3217504.91
700416.TI,娱乐(A股),I,20260522,0.1827,,1055.6088,14739661.25
700581.TI,电力公用事业Ⅳ(A股),I,20260522,0.171,,2204.4538,60254855.84
700418.TI,电力公用事业Ⅲ(A股),I,20260522,0.171,,2204.4479,60254855.84
700332.TI,医疗保健设备与服务(A股),I,20260522,0.1643,,2707.091,11788254.22
881175.TI,医疗服务,I,20260522,0.1597,,17819.846,8336865.1
700403.TI,金融服务Ⅲ(A股),I,20260522,0.1575,,1403.6794,4514287.0
884189.TI,啤酒,I,20260522,0.1548,,2645.556,645320.94
881143.TI,医药商业,I,20260522,0.1527,,4678.284,3463268.6
700396.TI,医疗保健设备与用品(A股),I,20260522,0.1461,,2772.999,6737318.86
884154.TI,高速公路,I,20260522,0.1443,,2108.18,2522273.5
881164.TI,文化传媒,I,20260522,0.1348,,2852.026,23476790.0
700324.TI,运输(A股),I,20260522,0.1294,,1431.0991,38492194.97
700533.TI,农产品与服务(A股),I,20260522,0.1194,,1210.6052,13110307.6
884022.TI,纯碱,I,20260522,0.1105,,2439.029,1909946.8
700397.TI,医疗保健提供商与服务(A股),I,20260522,0.1086,,2223.364,4793376.96
700460.TI,工业气体(A股),I,20260522,0.1064,,3200.2396,1484275.76
881140.TI,化学制药,I,20260522,0.1055,,6364.174,18180716.0
700499.TI,公路与铁路(A股),I,20260522,0.1042,,1429.3984,2983259.51
884052.TI,普钢,I,20260522,0.0968,,1144.237,14123935.0
700383.TI,家庭耐用消费品(A股),I,20260522,0.0633,,4038.6516,41959095.18
700529.TI,日常消费品零售(A股),I,20260522,0.0631,,733.7347,3044998.94
700360.TI,能源设备与服务(A股),I,20260522,0.0369,,1876.2194,6623459.16
700453.TI,石油与天然气的勘探与生产(A股),I,20260522,0.0357,,2913.8631,856076.74
700472.TI,林业产品(A股),I,20260522,0.0228,,2672.0009,3024485.43
884120.TI,软饮料,I,20260522,0.0093,,2568.67,1375079.7
700580.TI,互动媒体与服务Ⅳ(A股),I,20260522,0.0056,,1331.3216,6355017.65
700417.TI,互动媒体与服务Ⅲ(A股),I,20260522,0.0056,,1331.2574,6355017.65
700585.TI,独立电力生产商与能源贸易商Ⅳ(A股),I,20260522,0.003,,1286.5729,2358951.88
884100.TI,商用载货车,I,20260522,-0.0031,,3036.0,2380988.9
700547.TI,综合性银行(A股),I,20260522,-0.0074,,1947.7609,22470825.29
881283.TI,多元金融,I,20260522,-0.0134,,1191.671,8032839.0
884158.TI,多元金融Ⅲ,I,20260522,-0.0134,,1191.671,8032839.0
700451.TI,石油天然气设备与服务(A股),I,20260522,-0.0153,,2252.5734,4941920.9
884117.TI,彩电,I,20260522,-0.0441,,3662.021,2165205.3
700382.TI,汽车(A股),I,20260522,-0.0583,,3282.6387,7941526.07
884250.TI,股份制银行,I,20260522,-0.0815,,2236.328,8227564.3
700508.TI,家用电器(A股),I,20260522,-0.0926,,4986.314,10327239.16
884299.TI,定制家居,I,20260522,-0.1064,,9172.765,709578.34
700391.TI,日常消费品分销和零售Ⅲ(A股),I,20260522,-0.1104,,956.9966,7057366.09
700329.TI,日常消费品分销和零售Ⅱ(A股),I,20260522,-0.1104,,956.9966,7057366.09
884016.TI,油气开采,I,20260522,-0.1365,,1650.304,1644305.2
881102.TI,养殖业,I,20260522,-0.1442,,2864.687,7692113.2
884144.TI,化学制剂,I,20260522,-0.1461,,1937.368,13023300.1
881107.TI,油气开采及服务,I,20260522,-0.1478,,1810.496,6420230.3
700341.TI,媒体与娱乐(A股),I,20260522,-0.1481,,1144.513,44524779.44
700503.TI,汽车制造商(A股),I,20260522,-0.1505,,3291.5805,7640765.97
884018.TI,油服工程,I,20260522,-0.156,,1920.912,4775924.9
700526.TI,药品零售(A股),I,20260522,-0.1584,,1327.7672,3217556.43
700500.TI,海港与服务(A股),I,20260522,-0.1644,,1575.5752,4896522.43
884125.TI,乳品,I,20260522,-0.1685,,1662.806,1969660.3
884239.TI,疫苗,I,20260522,-0.1759,,7639.492,1328866.98
700579.TI,互动家庭娱乐(A股),I,20260522,-0.1851,,1382.642,7448677.74
884153.TI,港口,I,20260522,-0.186,,1430.478,4522452.2
700557.TI,多元化保险(A股),I,20260522,-0.2043,,2707.2068,1045899.54
700334.TI,银行(A股),I,20260522,-0.208,,1986.5033,29156261.49
700402.TI,商业银行(A股),I,20260522,-0.208,,1986.5033,29156261.49
700380.TI,交通基本设施(A股),I,20260522,-0.2142,,1586.2516,8155690.5
884165.TI,旅游综合,I,20260522,-0.227,,938.793,1247444.12
884161.TI,专业连锁,I,20260522,-0.2485,,2158.909,1295413.57
881105.TI,煤炭开采加工,I,20260522,-0.2491,,2777.623,12733532.4
700406.TI,保险Ⅲ(A股),I,20260522,-0.3029,,2596.3092,1879414.14
700336.TI,保险Ⅱ(A股),I,20260522,-0.3029,,2596.3092,1879414.14
700584.TI,水公用事业Ⅳ(A股),I,20260522,-0.3083,,1612.4149,3069056.6
700421.TI,水公用事业Ⅲ(A股),I,20260522,-0.3083,,1612.4149,3069056.6
881148.TI,港口航运,I,20260522,-0.3206,,1247.97,15815190.0
700489.TI,人力资源与就业服务(A股),I,20260522,-0.3273,,912.8391,146020.21
884273.TI,医疗美容,I,20260522,-0.3349,,1101.842,243549.51
700506.TI,家庭装饰品(A股),I,20260522,-0.3349,,1787.8742,2345684.86
700327.TI,消费者服务(A股),I,20260522,-0.3365,,1383.9186,6222113.94
884123.TI,肉制品,I,20260522,-0.3403,,1175.358,1586428.0
700532.TI,软饮料与不含酒精饮料(A股),I,20260522,-0.3403,,1951.2063,1063124.8
700537.TI,医疗保健设备(A股),I,20260522,-0.3521,,3018.656,4938707.82
700512.TI,鞋类(A股),I,20260522,-0.357,,481.7728,1015853.69
881133.TI,饮料制造,I,20260522,-0.3618,,5087.233,5323952.4
881155.TI,银行,I,20260522,-0.3655,,1283.424,29156261.0
700539.TI,保健护理产品经销商(A股),I,20260522,-0.3681,,1569.4706,447857.31
700549.TI,综合金融服务(A股),I,20260522,-0.3829,,1155.843,3156655.45
700544.TI,生物科技Ⅳ(A股),I,20260522,-0.3902,,2156.0497,4849447.23
700399.TI,生物科技Ⅲ(A股),I,20260522,-0.3902,,2156.0497,4849447.23
884131.TI,辅料,I,20260522,-0.3935,,3708.447,163024.76
884275.TI,生猪养殖,I,20260522,-0.398,,5001.831,5468708.1
884113.TI,空调,I,20260522,-0.4113,,2494.079,913619.17
884230.TI,品牌消费电子,I,20260522,-0.4121,,2801.403,774103.97
700309.TI,通讯业务(A股),I,20260522,-0.4134,,1576.2112,54837704.31
884137.TI,家纺,I,20260522,-0.4215,,2345.222,335337.2
884191.TI,航运,I,20260522,-0.4411,,2946.263,11292739.1
884252.TI,农商行,I,20260522,-0.4446,,2668.05,2180068.0
700306.TI,医疗保健(A股),I,20260522,-0.4454,,2273.9888,51060545.87
700575.TI,广播(A股),I,20260522,-0.4466,,851.5332,1149691.56
884244.TI,医疗研发外包,I,20260522,-0.4897,,30517.562,3178689.2
884012.TI,农业综合,I,20260522,-0.4934,,1227.307,294875.16
884276.TI,肉鸡养殖,I,20260522,-0.4987,,5340.175,545538.02
884168.TI,餐饮,I,20260522,-0.5225,,1383.672,251946.95
881173.TI,小家电,I,20260522,-0.5273,,4739.854,1728629.2
884115.TI,小家电Ⅲ,I,20260522,-0.5273,,4739.854,1728629.2
700415.TI,媒体(A股),I,20260522,-0.5323,,1205.891,23430100.54
700509.TI,家用器具与特殊消费品(A股),I,20260522,-0.5378,,3086.9231,1199074.67
700393.TI,食品(A股),I,20260522,-0.5411,,1780.3762,27034880.91
700546.TI,生命科学工具和服务Ⅳ(A股),I,20260522,-0.5448,,16805.0479,2319839.02
700401.TI,生命科学工具和服务Ⅲ(A股),I,20260522,-0.5448,,16805.0479,2319839.02
700516.TI,餐馆(A股),I,20260522,-0.5518,,829.4679,251946.95
700456.TI,煤与消费用燃料(A股),I,20260522,-0.5634,,993.8996,9694250.5
884014.TI,煤炭开采,I,20260522,-0.5709,,3479.398,11060175.4
884300.TI,药店,I,20260522,-0.5754,,7732.925,544393.63
700386.TI,酒店、餐馆与休闲(A股),I,20260522,-0.5853,,1619.031,4005601.98
884164.TI,自然景点,I,20260522,-0.6214,,2002.74,1045448.74
884156.TI,机场,I,20260522,-0.6253,,954.086,1050584.36
700307.TI,金融(A股),I,20260522,-0.6256,,2093.7707,71730752.17
881156.TI,保险,I,20260522,-0.6284,,1906.576,1879414.1
884159.TI,保险Ⅲ,I,20260522,-0.6284,,1906.576,1879414.1
700333.TI,制药、生物科技和生命科学(A股),I,20260522,-0.6441,,2245.1599,39272291.65
881160.TI,旅游及酒店,I,20260522,-0.6631,,2876.944,3525939.3
884013.TI,动物保健,I,20260522,-0.683,,1611.963,582392.97
884251.TI,城商行,I,20260522,-0.6918,,2101.108,6404311.8
700400.TI,制药Ⅲ(A股),I,20260522,-0.7035,,2097.684,32103005.4
700545.TI,制药Ⅳ(A股),I,20260522,-0.7035,,2097.684,32103005.4
700558.TI,财产与意外伤害保险(A股),I,20260522,-0.7143,,1097.2241,437248.95
700548.TI,区域性银行(A股),I,20260522,-0.7144,,2179.6292,6685436.2
700301.TI,能源(A股),I,20260522,-0.7382,,1039.2692,26084665.7
700320.TI,能源Ⅱ(A股),I,20260522,-0.7382,,1039.2716,26084665.7
700574.TI,广告(A股),I,20260522,-0.7502,,1300.1022,15181049.04
700528.TI,食品零售(A股),I,20260522,-0.774,,447.9366,646947.24
884235.TI,印刷,I,20260522,-0.7766,,1561.598,241179.84
884002.TI,粮食种植,I,20260522,-0.8129,,1507.973,326417.29
884163.TI,人工景点,I,20260522,-0.82,,1401.741,434351.23
881142.TI,生物制品,I,20260522,-0.8226,,6154.795,6061052.6
884172.TI,电视广播,I,20260522,-0.8519,,1547.966,5090085.4
700534.TI,包装食品与肉类(A股),I,20260522,-0.8537,,2188.4779,13924573.31
700454.TI,石油与天然气的炼制和营销(A股),I,20260522,-0.8744,,1741.6212,2346628.14
884232.TI,厨卫电器Ⅲ,I,20260522,-0.8824,,6343.397,517875.37
881174.TI,厨卫电器,I,20260522,-0.8824,,6343.397,517875.37
700556.TI,人寿与健康保险(A股),I,20260522,-0.8879,,1796.9178,396265.65
700361.TI,石油、天然气与消费用燃料(A股),I,20260522,-0.9267,,969.3373,19461206.54
700530.TI,啤酒酿造商(A股),I,20260522,-0.9425,,1756.721,645320.94
884240.TI,其他生物制品,I,20260522,-1.008,,5885.197,3797256.3
700514.TI,酒店、度假村与豪华游轮(A股),I,20260522,-1.0104,,1527.6639,3140334.28
700305.TI,日常消费品(A股),I,20260522,-1.0189,,2144.9051,40688699.63
884238.TI,血液制品,I,20260522,-1.0255,,7071.019,934929.1
884043.TI,粘胶,I,20260522,-1.0418,,2561.842,854977.12
700576.TI,有线和卫星电视(A股),I,20260522,-1.0998,,902.7032,3878850.95
884254.TI,旅游零售,I,20260522,-1.1109,,5766.857,467382.49
700330.TI,食品、饮料与烟草(A股),I,20260522,-1.1552,,2334.456,32253442.73
700498.TI,机场服务(A股),I,20260522,-1.1555,,1786.0546,275908.56
700541.TI,保健护理机构(A股),I,20260522,-1.1784,,6259.9193,1146168.51
700340.TI,电信业务(A股),I,20260522,-1.2357,,1781.9038,10312924.87
881151.TI,机场航运,I,20260522,-1.2724,,1900.528,8913063.0
884247.TI,商业地产,I,20260522,-1.3131,,1323.97,1734598.7
700413.TI,综合电信业务Ⅲ(A股),I,20260522,-1.3394,,1889.4764,9860495.17
700553.TI,资产管理与托管银行(A股),I,20260522,-1.3657,,1485.5455,2198517.85
700404.TI,消费信贷Ⅲ(A股),I,20260522,-1.4063,,822.2397,296963.78
700552.TI,消费信贷Ⅳ(A股),I,20260522,-1.4063,,822.2397,296963.78
881157.TI,证券,I,20260522,-1.4084,,1417.201,33823849.0
884205.TI,证券Ⅲ,I,20260522,-1.4084,,1417.201,33823849.0
700464.TI,纸和塑料包装产品和材料(A股),I,20260522,-1.4138,,2091.2219,4936469.08
700335.TI,金融服务Ⅱ(A股),I,20260522,-1.4168,,1700.8083,40695076.54
884167.TI,酒店,I,20260522,-1.4247,,1385.857,546748.29
700554.TI,投资银行业与经纪业(A股),I,20260522,-1.5166,,1793.5863,32926736.95
700405.TI,资本市场(A股),I,20260522,-1.5199,,1737.9913,35883825.76
884119.TI,其他酒类,I,20260522,-1.6452,,6724.5,1333891.36
700377.TI,客运航空公司Ⅲ(A股),I,20260522,-1.6533,,1052.7947,6799957.98
700493.TI,客运航空公司Ⅳ(A股),I,20260522,-1.6533,,1052.7947,6799957.98
700392.TI,饮料(A股),I,20260522,-1.6745,,3290.4155,5218561.82
884157.TI,航空运输,I,20260522,-1.6768,,1232.485,7862478.6
700550.TI,多领域控股(A股),I,20260522,-1.7241,,924.9788,194155.84
700555.TI,综合性资本市场(A股),I,20260522,-1.7626,,194.7429,758570.96
700531.TI,酿酒商与葡萄酒商(A股),I,20260522,-1.8081,,3398.5275,3510116.08
700572.TI,综合电信业务Ⅳ(A股),I,20260522,-1.8251,,1043.0575,7335496.71
700452.TI,综合性石油与天然气企业(A股),I,20260522,-1.9229,,871.2452,5943274.34
884313.TI,电信运营商,I,20260522,-1.9745,,722.752,7269679.4
881273.TI,白酒,I,20260522,-3.136,,2131.337,2022837.7
884188.TI,白酒Ⅲ,I,20260522,-3.136,,2131.337,2022837.7
